,poolId,blockHeight,networkDifficulty,status,confirmationProgress,effort,transactionConfirmationData,reward,infoLink,hash,miner,source,created
0,ErgoSigmanauts,1272523,331515.94723097706,confirmed,1,0.21206712378258852,584b00358caf26d5,27.009,https://explorer.ergoplatform.com/en/blocks/cf595f93cb4b8996fd5e91f35f975276d005c5bebdf9b3a404965e3bf2d5d933,cf595f93cb4b8996fd5e91f35f975276d005c5bebdf9b3a404965e3bf2d5d933,9gNEKbpPSNfgWkhxsMF4Z9L7uNiXFfsEX4XTVF5XK4kwpQBRsEQ,ErgoSigmanauts,2024-05-26T02:29:04.094881Z
1,ErgoSigmanauts,1272498,331515.94723097706,confirmed,1,0.40908117443581427,57dd004d3755f673,27.01125528,https://explorer.ergoplatform.com/en/blocks/545a5ce25840277415a1de7fbbd5a3d5fe27905f81acc086cea44286f75b8fe2,545a5ce25840277415a1de7fbbd5a3d5fe27905f81acc086cea44286f75b8fe2,9gNEKbpPSNfgWkhxsMF4Z9L7uNiXFfsEX4XTVF5XK4kwpQBRsEQ,ErgoSigmanauts,2024-05-26T01:27:07.426894Z
2,ErgoSigmanauts,1272440,336465.89822126675,confirmed,1,0.15802450369115342,55e66086e03e9a36,27.006,https://explorer.ergoplatform.com/en/blocks/ff756c9fed4c4dbc6a1b3e110ad33bf2f61952a74736ab3034560c95de1ffa6a,ff756c9fed4c4dbc6a1b3e110ad33bf2f61952a74736ab3034560c95de1ffa6a,9h6bjuzth7XDNeBxwFjpYSfmUkfBiepE8MGJcvmsVkeCtGYYYAb,ErgoSigmanauts,2024-05-25T23:29:11.982302Z
3,ErgoSigmanauts,1272412,336465.89822126675,confirmed,1,1.5250749986358747,5770002154b46b22,27.010732,https://explorer.ergoplatform.com/en/blocks/b7bd7aec801ab4fbcf140733703cd26d2e0dccecb0961328adff69512fc15eca,b7bd7aec801ab4fbcf140733703cd26d2e0dccecb0961328adff69512fc15eca,9gNEKbpPSNfgWkhxsMF4Z9L7uNiXFfsEX4XTVF5XK4kwpQBRsEQ,ErgoSigmanauts,2024-05-25T22:43:07.987131Z
4,ErgoSigmanauts,1272201,330668.97716794454,confirmed,1,0.15776528331542705,556d0001538052e4,27.0,https://explorer.ergoplatform.com/en/blocks/ff821a61780854825d70553d8f4bd6fbb7b0d6c5c6f50600e0cf7f29ce42a216,ff821a61780854825d70553d8f4bd6fbb7b0d6c5c6f50600e0cf7f29ce42a216,9gNEKbpPSNfgWkhxsMF4Z9L7uNiXFfsEX4XTVF5XK4kwpQBRsEQ,ErgoSigmanauts,2024-05-25T15:19:58.028984Z
5,ErgoSigmanauts,1272164,298377.5055035236,confirmed,1,0.059369500517662245,5112a50c8473b63e,27.0032,https://explorer.ergoplatform.com/en/blocks/51f00127a9d7f305d76a007d760b9f4bba078ef4f93a3edc6a1511a497966465,51f00127a9d7f305d76a007d760b9f4bba078ef4f93a3edc6a1511a497966465,9eZPTmn8zp5GJ7KZwTo8cEuxNdezWaY3hBbLeWid7EAZedzb9tD,ErgoSigmanauts,2024-05-25T14:36:35.287419Z
6,ErgoSigmanauts,1272159,298377.5055035236,confirmed,1,0.4294308680747139,55770006e67ab803,27.001295392,https://explorer.ergoplatform.com/en/blocks/d7c1ddbf716c586b4a5a87a9103636fc0f42e840c1e98f6eb24b4f8673b03041,d7c1ddbf716c586b4a5a87a9103636fc0f42e840c1e98f6eb24b4f8673b03041,9gNEKbpPSNfgWkhxsMF4Z9L7uNiXFfsEX4XTVF5XK4kwpQBRsEQ,ErgoSigmanauts,2024-05-25T14:21:18.035671Z
7,ErgoSigmanauts,1272097,298377.5055035236,confirmed,1,0.21100917939598043,547edd014f51cfca,27.02175,https://explorer.ergoplatform.com/en/blocks/ed628938133f642f0c8fe78665de3cc4d505ae85a1fc8f943d508090a032df67,ed628938133f642f0c8fe78665de3cc4d505ae85a1fc8f943d508090a032df67,9gW4BxS6x8pF7BVMsE2VPpKTEHaDB9Nw1mp6MEpn5MWAmXuKpXg,ErgoSigmanauts,2024-05-25T12:22:35.49194Z
8,ErgoSigmanauts,1272062,300868.4454592322,confirmed,1,0.7518524873611863,54a4003235153444,27.0036,https://explorer.ergoplatform.com/en/blocks/e55625564a86f89b78ee19793ab9e89897563f23d9f521f7952af6b9a86ec0bc,e55625564a86f89b78ee19793ab9e89897563f23d9f521f7952af6b9a86ec0bc,9gNEKbpPSNfgWkhxsMF4Z9L7uNiXFfsEX4XTVF5XK4kwpQBRsEQ,ErgoSigmanauts,2024-05-25T11:24:20.134529Z
9,ErgoSigmanauts,1271957,300868.4454592322,confirmed,1,0.14934039354765155,538d0077f11a5d5d,27.0294,https://explorer.ergoplatform.com/en/blocks/b4f7dbee13a615b66b27600f15790d03ab9ae9da998fe4cc33cfb1d7b585f80b,b4f7dbee13a615b66b27600f15790d03ab9ae9da998fe4cc33cfb1d7b585f80b,9gNEKbpPSNfgWkhxsMF4Z9L7uNiXFfsEX4XTVF5XK4kwpQBRsEQ,ErgoSigmanauts,2024-05-25T07:57:49.570065Z
10,ErgoSigmanauts,1271944,300868.4454592322,confirmed,1,1.9146013095767893,539700162a3399e1,27.0129,https://explorer.ergoplatform.com/en/blocks/6419b9f4638699b1c030ae62575beaf42f880cbb31e249e9bf8e7fe1b2a970c7,6419b9f4638699b1c030ae62575beaf42f880cbb31e249e9bf8e7fe1b2a970c7,9gNEKbpPSNfgWkhxsMF4Z9L7uNiXFfsEX4XTVF5XK4kwpQBRsEQ,ErgoSigmanauts,2024-05-25T07:17:08.078023Z
11,ErgoSigmanauts,1271677,319690.2030587474,confirmed,1,1.0765861685811546,5f93d24b59c0e266,27.0015,https://explorer.ergoplatform.com/en/blocks/888d14d9b496313ef997afeee1173b32963ba782c4c6c264f704e8f68750a377,888d14d9b496313ef997afeee1173b32963ba782c4c6c264f704e8f68750a377,9gHULKUh8kLBBc6F6ddtyzeyhzz2KzGerPbFw7ZHmSUPrRGfnoz,ErgoSigmanauts,2024-05-24T22:49:13.181698Z
12,ErgoSigmanauts,1271516,316225.2197221922,confirmed,1,0.5596176057463291,5061de8e44479989,27.01636004,https://explorer.ergoplatform.com/en/blocks/7e951b3c2963017eeb04a8a75711adb9b58df5ab7dd136b927fc4ea1defd3aee,7e951b3c2963017eeb04a8a75711adb9b58df5ab7dd136b927fc4ea1defd3aee,9h6bjuzth7XDNeBxwFjpYSfmUkfBiepE8MGJcvmsVkeCtGYYYAb,ErgoSigmanauts,2024-05-24T17:08:00.895028Z
13,ErgoSigmanauts,1271435,316225.2197221922,confirmed,1,0.49286475550045283,5f5e0015695fdc29,27.0278,https://explorer.ergoplatform.com/en/blocks/b208950a1b3b894ea7858470f7ec2d7af9b0fd2a5c19e471dc52ebbd523847a8,b208950a1b3b894ea7858470f7ec2d7af9b0fd2a5c19e471dc52ebbd523847a8,9gNEKbpPSNfgWkhxsMF4Z9L7uNiXFfsEX4XTVF5XK4kwpQBRsEQ,ErgoSigmanauts,2024-05-24T14:12:55.175688Z
14,ErgoSigmanauts,1271359,326943.07552732644,confirmed,1,0.9004022248865864,5f24003daf322765,27.007,https://explorer.ergoplatform.com/en/blocks/e952aea760e7d730069cea5fa40023e689a56a86568f8b16fbbcd3a208d7f00e,e952aea760e7d730069cea5fa40023e689a56a86568f8b16fbbcd3a208d7f00e,9gNEKbpPSNfgWkhxsMF4Z9L7uNiXFfsEX4XTVF5XK4kwpQBRsEQ,ErgoSigmanauts,2024-05-24T11:33:45.429635Z
15,ErgoSigmanauts,1271224,301954.4192410267,confirmed,1,0.4546745793977336,56a3919fda752b7b,27.01301332,https://explorer.ergoplatform.com/en/blocks/1d0f97fbea80d08adaf620b4010d632247d0f0ac0ad9d5b7fcd5507fcf9b2e2b,1d0f97fbea80d08adaf620b4010d632247d0f0ac0ad9d5b7fcd5507fcf9b2e2b,9gwk97nY8Uc6kLcSYs4ueWttY5EKyfsrbiyVQWFdUaWvd4Xhqys,ErgoSigmanauts,2024-05-24T06:49:31.878651Z
16,ErgoSigmanauts,1271147,354161.65262038977,confirmed,1,1.7459468829555265,5ac1000308691868,27.0078,https://explorer.ergoplatform.com/en/blocks/eb9dfb763925842873db48792dfdbf373d4ea96b1916d425d04bef974485e5e1,eb9dfb763925842873db48792dfdbf373d4ea96b1916d425d04bef974485e5e1,9ehJZvPDgvCNNd2zTQHxnSpcCAtb1kHbEN1VAgeoRD5DPVApYkk,ErgoSigmanauts,2024-05-24T04:17:32.012249Z
17,ErgoSigmanauts,1270878,309418.33598851814,confirmed,1,1.5625283761529207,5895365547139d54,27.0121,https://explorer.ergoplatform.com/en/blocks/1673d76237b904b1679c5d9c082a49ab2929023ed7a198c0144ebf232be96af5,1673d76237b904b1679c5d9c082a49ab2929023ed7a198c0144ebf232be96af5,9fHLdYBz5fPdDfMkGMfAsuj6EfXCpmM4GkamT23xeT3hzdHbNJx,ErgoSigmanauts,2024-05-23T19:04:37.115063Z
18,ErgoSigmanauts,1270644,293519.54151472275,confirmed,1,2.296775931015868,50270004abdff528,27.053,https://explorer.ergoplatform.com/en/blocks/586f4c020fd9607d4ec384f04ba00bd1f2e95e58096c3b95bd68ae0bdf3a6b0a,586f4c020fd9607d4ec384f04ba00bd1f2e95e58096c3b95bd68ae0bdf3a6b0a,9g4f585vPtgA5PKhSRcaPBhtfW3HYRw2qe3aemxxnD5Y1KiopyX,ErgoSigmanauts,2024-05-23T11:40:12.889942Z
19,ErgoSigmanauts,1270318,272656.8759104104,confirmed,1,0.7921699799579422,580832bd3b8d0c69,27.001,https://explorer.ergoplatform.com/en/blocks/2970e17fc3b0c3f86cb5074d1b699e0571fb8031040164d5aadd235963424e7c,2970e17fc3b0c3f86cb5074d1b699e0571fb8031040164d5aadd235963424e7c,9fy4KkHt9Xavq9R7Wq16euW4JjH1mYwBtV7SNNtAtwnQ6qSZL4w,ErgoSigmanauts,2024-05-23T01:19:03.602359Z
20,ErgoSigmanauts,1270221,267708.9510556596,confirmed,1,4.631478243413448,59685a736cc71a79,27.0362,https://explorer.ergoplatform.com/en/blocks/d884f0dc2079e0b874ad38241dde5bef87ea9059a0a96527297934a9d3e62691,d884f0dc2079e0b874ad38241dde5bef87ea9059a0a96527297934a9d3e62691,9hDJ91Rx5TZf4njCG6AAcsf4GEWyQxrh5ioZ95mXQk8QtCNv8Js,ErgoSigmanauts,2024-05-22T21:55:13.183873Z
21,ErgoSigmanauts,1269619,305908.3435215154,confirmed,1,3.1086549618943047,55a02a500f611edf,27.001,https://explorer.ergoplatform.com/en/blocks/76622a078a8d6a70420a98903d03b7d24c8cf8ada0fe1e427b82bee7280feb00,76622a078a8d6a70420a98903d03b7d24c8cf8ada0fe1e427b82bee7280feb00,9f3FRr4XudxVs1V35At1X5yj7LmQmnWqG46LqFKVNRf2TuYsAik,ErgoSigmanauts,2024-05-22T01:21:09.127205Z
22,ErgoSigmanauts,1269188,305858.39109109197,confirmed,1,2.1391005470789097,54d1280185c6a8a2,27.25481,https://explorer.ergoplatform.com/en/blocks/ea57a383f6786d1663896f77d260772b46876046a2e328f4a3469c1425831a53,ea57a383f6786d1663896f77d260772b46876046a2e328f4a3469c1425831a53,9gHULKUh8kLBBc6F6ddtyzeyhzz2KzGerPbFw7ZHmSUPrRGfnoz,ErgoSigmanauts,2024-05-21T10:57:54.694444Z
23,ErgoSigmanauts,1268867,262741.9951279592,confirmed,1,2.7747410762540685,563f71a5059096ad,27.107,https://explorer.ergoplatform.com/en/blocks/0de92280bfa23966f94ab552c9b8d8082639ae4c21c3efe75ec225b61323ef70,0de92280bfa23966f94ab552c9b8d8082639ae4c21c3efe75ec225b61323ef70,9exkqG2KBpdeHKby84pSehSZt9sKQitAqjuguHXdd25eEJWFksx,ErgoSigmanauts,2024-05-21T01:01:41.872106Z
24,ErgoSigmanauts,1268462,310719.3010464465,confirmed,1,0.770851072683674,5061cf937587c7c6,27.0043,https://explorer.ergoplatform.com/en/blocks/91c15c11d50be769e606779a9373eef192abb5664ca79fa8a7da8bbd50c0d2cd,91c15c11d50be769e606779a9373eef192abb5664ca79fa8a7da8bbd50c0d2cd,9hwEKqgW4XjRi7uYjRcsZHiRiuNT3dMHsR3J75BNSrGDQyKuz8Q,ErgoSigmanauts,2024-05-20T10:42:33.652214Z
25,ErgoSigmanauts,1268326,320375.1540867473,confirmed,1,2.0741997756111976,5c1ac1c3c7c770ce,27.003,https://explorer.ergoplatform.com/en/blocks/8b6cb64b628a519aff30ea498650c09e800ddeef1ec987d9de774386296eea36,8b6cb64b628a519aff30ea498650c09e800ddeef1ec987d9de774386296eea36,9f3FRr4XudxVs1V35At1X5yj7LmQmnWqG46LqFKVNRf2TuYsAik,ErgoSigmanauts,2024-05-20T06:01:15.904865Z
26,ErgoSigmanauts,1267991,308134.35072607384,confirmed,1,0.42135145995925827,55bf8e2c557b0863,27.00325328,https://explorer.ergoplatform.com/en/blocks/2e3c3dd10fa250fa35459d6d45c720aef1fdf6082ed9365e0a89be0ecd4fe59e,2e3c3dd10fa250fa35459d6d45c720aef1fdf6082ed9365e0a89be0ecd4fe59e,9fRBLHy5GMofGGNyFkYJypZbwL8VKQwiVinEJ4NRfUgMuJAVbmG,ErgoSigmanauts,2024-05-19T18:52:41.180515Z
27,ErgoSigmanauts,1267934,317121.2382409337,confirmed,1,0.5294628170214575,56405e5352747dd4,27.0854,https://explorer.ergoplatform.com/en/blocks/50c138c9e7dd4d9abc9f6869064dbdd337c3ba7bb0e3d60a9a52fb2d4b7b36d5,50c138c9e7dd4d9abc9f6869064dbdd337c3ba7bb0e3d60a9a52fb2d4b7b36d5,9hDaPXB2Tx5BHQfiqcELp6m3wskR4g8sa5Tna4G9y4TeMa878n9,ErgoSigmanauts,2024-05-19T16:41:31.192756Z
28,ErgoSigmanauts,1267854,317121.2382409337,confirmed,1,0.28649678730160066,5bdcdfadd0a0a181,27.001,https://explorer.ergoplatform.com/en/blocks/97ec01d0cc4a0e19e4e36cf76420f6eb0177421f72892ee83aa631780595d32a,97ec01d0cc4a0e19e4e36cf76420f6eb0177421f72892ee83aa631780595d32a,9hxPoaiJfm4yTisDX1ctC4Kd7PANdNE2EiJa5EhLMJk4BQLLUaV,ErgoSigmanauts,2024-05-19T13:43:03.506763Z
29,ErgoSigmanauts,1267808,336275.9324582268,confirmed,1,3.9879959920425154,5abd00272c4afb70,27.0156,https://explorer.ergoplatform.com/en/blocks/d81ab5cd625debe6e611f00426ceffcd2df39fa4ce64a709110c66ba0bd267b3,d81ab5cd625debe6e611f00426ceffcd2df39fa4ce64a709110c66ba0bd267b3,9g7vDJUyWWDYkh6me5zZPyfoLdTweVfEdX2JbVnmZc3yEA9uUJN,ErgoSigmanauts,2024-05-19T12:05:57.717495Z
30,ErgoSigmanauts,1267173,305321.34995155653,confirmed,1,1.3615132239125531,59cec187b3f4bb46,27.017951378,https://explorer.ergoplatform.com/en/blocks/c6d5b9891dd9c180f86fac593ec5d2e99e429579a1b693ea4f49be1a3196c185,c6d5b9891dd9c180f86fac593ec5d2e99e429579a1b693ea4f49be1a3196c185,9hUWH7MTuDSPxSQiQuUecLf6SnCCN8ydt8XigBD3TN42zddSGtj,ErgoSigmanauts,2024-05-18T15:53:57.217774Z
31,ErgoSigmanauts,1266973,310400.2645147739,confirmed,1,0.22663207635547164,59ed7ea9ad56ebae,27.005,https://explorer.ergoplatform.com/en/blocks/5e52f8b3ecfb9eb47ce2c3ab1858752ee33cd86f3ec2105434ca778231049441,5e52f8b3ecfb9eb47ce2c3ab1858752ee33cd86f3ec2105434ca778231049441,9i3P4Ah9jp7nnSNMg6gxjXXHEWjkkBbPJR5RLRkMwEt3DZZGLDL,ErgoSigmanauts,2024-05-18T08:22:12.964008Z
32,ErgoSigmanauts,1266933,301097.41568753636,pending,0,2.538640499541965,5d8a000c64f1e3ce,27.003,https://explorer.ergoplatform.com/en/blocks/615ce404e16dae1a66b94e4314293c4ae6fb3f3a09198fe0aa776fc0c558dff3,615ce404e16dae1a66b94e4314293c4ae6fb3f3a09198fe0aa776fc0c558dff3,9gNEKbpPSNfgWkhxsMF4Z9L7uNiXFfsEX4XTVF5XK4kwpQBRsEQ,ErgoSigmanauts,2024-05-18T07:08:31.154819Z
33,ErgoSigmanauts,1266547,264041.0331917583,confirmed,1,1.9456481443015496,5a81000adce74168,27.0,https://explorer.ergoplatform.com/en/blocks/a8192d00ed093ae8eb0efc74a40329814841dd127cb6aa5e0c4432c0634ae43f,a8192d00ed093ae8eb0efc74a40329814841dd127cb6aa5e0c4432c0634ae43f,9hUWH7MTuDSPxSQiQuUecLf6SnCCN8ydt8XigBD3TN42zddSGtj,ErgoSigmanauts,2024-05-17T18:09:50.527286Z
34,ErgoSigmanauts,1266292,281260.7217396243,confirmed,1,0.40005335616259813,58e400146047f758,27.0,https://explorer.ergoplatform.com/en/blocks/3d0d429f0b4811834e25d41846971185cf2fc4eab202637994f0c400730217fe,3d0d429f0b4811834e25d41846971185cf2fc4eab202637994f0c400730217fe,9ehJZvPDgvCNNd2zTQHxnSpcCAtb1kHbEN1VAgeoRD5DPVApYkk,ErgoSigmanauts,2024-05-17T09:38:58.711915Z
35,ErgoSigmanauts,1266220,281260.7217396243,confirmed,1,0.47113533919099015,5aa10030d1a73478,27.0111,https://explorer.ergoplatform.com/en/blocks/68ea77ff6816a7a709c3ef0fbe1b145d58cf66d05bfbb7cf3d9b3365f964ea6e,68ea77ff6816a7a709c3ef0fbe1b145d58cf66d05bfbb7cf3d9b3365f964ea6e,9h6bjuzth7XDNeBxwFjpYSfmUkfBiepE8MGJcvmsVkeCtGYYYAb,ErgoSigmanauts,2024-05-17T07:41:18.656077Z
36,ErgoSigmanauts,1266154,267475.93023066287,confirmed,1,1.697045804676444,5a85704314941518,27.015,https://explorer.ergoplatform.com/en/blocks/a6f18779e95af9295fc49840a3aa2bd2eb9b39ec654cd36e3d454a1af73f635f,a6f18779e95af9295fc49840a3aa2bd2eb9b39ec654cd36e3d454a1af73f635f,9f3FRr4XudxVs1V35At1X5yj7LmQmnWqG46LqFKVNRf2TuYsAik,ErgoSigmanauts,2024-05-17T05:32:45.215808Z
37,ErgoSigmanauts,1265917,305051.3777621914,confirmed,1,0.0836268907591312,5a720080a9eeda3d,27.0051,https://explorer.ergoplatform.com/en/blocks/2455a7c6dea0023a664c93a4c5b3f0716c64c420344104f3cae1d15c43ab315e,2455a7c6dea0023a664c93a4c5b3f0716c64c420344104f3cae1d15c43ab315e,9gNEKbpPSNfgWkhxsMF4Z9L7uNiXFfsEX4XTVF5XK4kwpQBRsEQ,ErgoSigmanauts,2024-05-16T22:00:14.409184Z
38,ErgoSigmanauts,1265912,305051.3777621914,confirmed,1,1.4323443456353957,59ed97d9008e0e70,27.0057,https://explorer.ergoplatform.com/en/blocks/1e74b2d0360ea86506cf929fb68c0b392a1921ec69713c9ea7e3ce25a42d8ee6,1e74b2d0360ea86506cf929fb68c0b392a1921ec69713c9ea7e3ce25a42d8ee6,9i3P4Ah9jp7nnSNMg6gxjXXHEWjkkBbPJR5RLRkMwEt3DZZGLDL,ErgoSigmanauts,2024-05-16T21:35:18.897577Z
39,ErgoSigmanauts,1265718,303061.4589356002,confirmed,1,0.7088546035558043,5c03001e960a8f38,27.006,https://explorer.ergoplatform.com/en/blocks/6163566fe198a7d40246adb8d844fd57d86fc24e443e21da335f1cb7013595fb,6163566fe198a7d40246adb8d844fd57d86fc24e443e21da335f1cb7013595fb,9h6bjuzth7XDNeBxwFjpYSfmUkfBiepE8MGJcvmsVkeCtGYYYAb,ErgoSigmanauts,2024-05-16T14:18:00.418226Z
40,ErgoSigmanauts,1265603,320836.1360234867,confirmed,1,1.6108532065198218,58d3000231a0343a,27.0021,https://explorer.ergoplatform.com/en/blocks/154307c3275b30190903f9d0d756772d7decec6364e7841380e27770f9794e2f,154307c3275b30190903f9d0d756772d7decec6364e7841380e27770f9794e2f,9gNEKbpPSNfgWkhxsMF4Z9L7uNiXFfsEX4XTVF5XK4kwpQBRsEQ,ErgoSigmanauts,2024-05-16T10:32:13.856765Z
41,ErgoSigmanauts,1265339,285733.6634189811,confirmed,1,2.774311170088252,5b17f5b8b47c2fae,27.0105,https://explorer.ergoplatform.com/en/blocks/40c1e9e070d8fa8e73a917757f442cadc0cccaa29480fdc563569caf25764b12,40c1e9e070d8fa8e73a917757f442cadc0cccaa29480fdc563569caf25764b12,9i3P4Ah9jp7nnSNMg6gxjXXHEWjkkBbPJR5RLRkMwEt3DZZGLDL,ErgoSigmanauts,2024-05-16T01:57:15.505479Z
42,ErgoSigmanauts,1264939,297924.5039134105,confirmed,1,0.6072022546201294,5616000aebbb4224,27.0036,https://explorer.ergoplatform.com/en/blocks/cd8ed342b589c76b5769927b934b5a4c0b8714e829a3cff744d74d2cd192fb92,cd8ed342b589c76b5769927b934b5a4c0b8714e829a3cff744d74d2cd192fb92,9gNEKbpPSNfgWkhxsMF4Z9L7uNiXFfsEX4XTVF5XK4kwpQBRsEQ,ErgoSigmanauts,2024-05-15T12:54:36.664334Z
43,ErgoSigmanauts,1264851,303814.38762255217,confirmed,1,0.44903357887069206,557e0043c06c7bf1,27.0041,https://explorer.ergoplatform.com/en/blocks/c034fe5df5aad51c1fbd484957df6233320511a98401b9cbe2a8c4915cd616f5,c034fe5df5aad51c1fbd484957df6233320511a98401b9cbe2a8c4915cd616f5,9gNEKbpPSNfgWkhxsMF4Z9L7uNiXFfsEX4XTVF5XK4kwpQBRsEQ,ErgoSigmanauts,2024-05-15T09:56:18.637079Z
44,ErgoSigmanauts,1264783,303814.38762255217,confirmed,1,0.2928539414161747,554a001ec1efcb4b,27.0,https://explorer.ergoplatform.com/en/blocks/9ff02489a940e5a32ada03a2d2f54c4cacb18e3e30668606fc2c1466efd2f224,9ff02489a940e5a32ada03a2d2f54c4cacb18e3e30668606fc2c1466efd2f224,9gNEKbpPSNfgWkhxsMF4Z9L7uNiXFfsEX4XTVF5XK4kwpQBRsEQ,ErgoSigmanauts,2024-05-15T07:44:30.68283Z
45,ErgoSigmanauts,1264729,346936.7191907233,confirmed,1,1.706386644649101,55512971bbb2be74,27.0044,https://explorer.ergoplatform.com/en/blocks/c0ae07a394aa7e39d8465af1d389f86013eb584e8abcf68fee126e0d3a1fe601,c0ae07a394aa7e39d8465af1d389f86013eb584e8abcf68fee126e0d3a1fe601,9fjQi1JrgFZ9QBKGbE7EYDwUwAvGUk95Wa92kV2D4EnggNcnMzN,ErgoSigmanauts,2024-05-15T06:12:21.048664Z
46,ErgoSigmanauts,1264489,315838.24942921917,confirmed,1,0.973376297123892,53ee0004c826a9ac,27.019134,https://explorer.ergoplatform.com/en/blocks/5569c020ae248bbe8e2b99f61343c4aa0869f5a0fa3d8e4b7b88ace1c1ab3ee3,5569c020ae248bbe8e2b99f61343c4aa0869f5a0fa3d8e4b7b88ace1c1ab3ee3,9gNEKbpPSNfgWkhxsMF4Z9L7uNiXFfsEX4XTVF5XK4kwpQBRsEQ,ErgoSigmanauts,2024-05-14T21:12:04.978166Z
47,ErgoSigmanauts,1264343,397785.0021001844,confirmed,1,1.0164892335289546,5f99000255e68f91,27.068220712,https://explorer.ergoplatform.com/en/blocks/149b101c1b20be7df6d68090d23421d119e835a629f0c775ce4381f5b23cd3a3,149b101c1b20be7df6d68090d23421d119e835a629f0c775ce4381f5b23cd3a3,9gLMeVQbDWX522WUzBwmVnr2Avqki7wdz7c9MpcpkgVJE5DUhcN,ErgoSigmanauts,2024-05-14T16:16:28.943526Z
48,ErgoSigmanauts,1264193,387275.211332793,confirmed,1,1.1901835692707263,5251002104b7fc81,27.001,https://explorer.ergoplatform.com/en/blocks/fe7fe4d18276d1c37a9f8773b3581bcdfa4ab9549f65aa057f2b83fbe193ad0b,fe7fe4d18276d1c37a9f8773b3581bcdfa4ab9549f65aa057f2b83fbe193ad0b,9gNEKbpPSNfgWkhxsMF4Z9L7uNiXFfsEX4XTVF5XK4kwpQBRsEQ,ErgoSigmanauts,2024-05-14T10:17:34.24527Z
49,ErgoSigmanauts,1263992,395921.0223200396,confirmed,1,0.07363735239890684,59ef003dd82e921c,27.0372,https://explorer.ergoplatform.com/en/blocks/24cf294fb21a8d312b79acf59a362f2d31581a5b2905b3d9b711641199f88c95,24cf294fb21a8d312b79acf59a362f2d31581a5b2905b3d9b711641199f88c95,9htjnnmFbPKAM86zHtANqxfyZQomqMpvvY5jp3C4mcfWjuahaFN,ErgoSigmanauts,2024-05-14T03:30:27.743112Z
50,ErgoSigmanauts,1263983,395921.0223200396,confirmed,1,0.9606496851352131,5016f85df8bb2082,27.0042,https://explorer.ergoplatform.com/en/blocks/e63a6dee2eab7ef853d717f23d9148b30d027a4bc4e1399cebb669b0e2e00c13,e63a6dee2eab7ef853d717f23d9148b30d027a4bc4e1399cebb669b0e2e00c13,9fRQ8iCiCZekAewtjHmu7AmucWjvBTNUMeBFtnNkpfyWsNLUuxo,ErgoSigmanauts,2024-05-14T03:05:05.295954Z
51,ErgoSigmanauts,1263814,340922.8216449022,confirmed,1,1.0161804582778302,5c0300065687637a,27.0,https://explorer.ergoplatform.com/en/blocks/e3ff85f464662d6398795abf166b6c5f32fbbd3a9e744d560556e939d05308fd,e3ff85f464662d6398795abf166b6c5f32fbbd3a9e744d560556e939d05308fd,9h6bjuzth7XDNeBxwFjpYSfmUkfBiepE8MGJcvmsVkeCtGYYYAb,ErgoSigmanauts,2024-05-13T21:41:14.435334Z
52,ErgoSigmanauts,1263649,384954.13984666887,confirmed,1,0.13416538664791477,58b5c6f0d86aa788,32.54299895,https://explorer.ergoplatform.com/en/blocks/23a5815962cca44986829ff962f534d7244c649b065f47e8fcfbb74b8250eccd,23a5815962cca44986829ff962f534d7244c649b065f47e8fcfbb74b8250eccd,9h6bjuzth7XDNeBxwFjpYSfmUkfBiepE8MGJcvmsVkeCtGYYYAb,ErgoSigmanauts,2024-05-13T16:14:19.1323Z
53,ErgoSigmanauts,1263631,384954.13984666887,confirmed,1,0.37348059629534336,5551510f4d650b1c,27.011,https://explorer.ergoplatform.com/en/blocks/710aa1947df14de31cc0cadaa1d8f903fb02c5e31b45bcc46e5d8e21068d1129,710aa1947df14de31cc0cadaa1d8f903fb02c5e31b45bcc46e5d8e21068d1129,9fjQi1JrgFZ9QBKGbE7EYDwUwAvGUk95Wa92kV2D4EnggNcnMzN,ErgoSigmanauts,2024-05-13T15:27:05.181261Z
54,ErgoSigmanauts,1263575,319195.15719890787,confirmed,1,1.7903423979276636,522c525b6d0cd28d,27.0011,https://explorer.ergoplatform.com/en/blocks/2934e4a9424972b7f0622ce4c7fe0e2913737cc9bc5a3105acdfde5ad015cfba,2934e4a9424972b7f0622ce4c7fe0e2913737cc9bc5a3105acdfde5ad015cfba,9exkqG2KBpdeHKby84pSehSZt9sKQitAqjuguHXdd25eEJWFksx,ErgoSigmanauts,2024-05-13T13:28:18.455003Z
55,ErgoSigmanauts,1263285,310835.3411854374,confirmed,1,2.8497468350766546,5eca00205e3997fa,27.001,https://explorer.ergoplatform.com/en/blocks/5af08c8db655cb14a4fa4240cddb32ef3df456f7b2395551a98614cb9de9a9c2,5af08c8db655cb14a4fa4240cddb32ef3df456f7b2395551a98614cb9de9a9c2,9gNEKbpPSNfgWkhxsMF4Z9L7uNiXFfsEX4XTVF5XK4kwpQBRsEQ,ErgoSigmanauts,2024-05-13T04:33:39.966573Z
56,ErgoSigmanauts,1262856,341608.8877013389,confirmed,1,0.3081815892501017,58b2b012e7b4d03d,27.009751575,https://explorer.ergoplatform.com/en/blocks/6143094b10462afe792f11a3af6bca35b664dfba88e0151b5084ed61d5575136,6143094b10462afe792f11a3af6bca35b664dfba88e0151b5084ed61d5575136,9fyDqkVk3iDXPNcquyLBehEtiZiqdKb27PnugemJEpGYbTJM7tN,ErgoSigmanauts,2024-05-12T14:05:33.410303Z
57,ErgoSigmanauts,1262808,323644.1324206693,confirmed,1,1.6132537764940311,57d340fcedc5226c,27.0338,https://explorer.ergoplatform.com/en/blocks/e7a0fdc7aa894ca48d77cd04793423264a853f578c12de7732d394fd8cb15536,e7a0fdc7aa894ca48d77cd04793423264a853f578c12de7732d394fd8cb15536,9hUWH7MTuDSPxSQiQuUecLf6SnCCN8ydt8XigBD3TN42zddSGtj,ErgoSigmanauts,2024-05-12T12:35:14.177148Z
58,ErgoSigmanauts,1262559,360550.5219267884,confirmed,1,2.251691732105499,54e3523bcda4283c,27.0026,https://explorer.ergoplatform.com/en/blocks/a41a7aff7b1fffbf56fc04f5afed287af5db3041dd65125c271d4901ac43b07f,a41a7aff7b1fffbf56fc04f5afed287af5db3041dd65125c271d4901ac43b07f,9f3FRr4XudxVs1V35At1X5yj7LmQmnWqG46LqFKVNRf2TuYsAik,ErgoSigmanauts,2024-05-12T03:49:17.413955Z
59,ErgoSigmanauts,1262211,366119.47190640087,confirmed,1,0.4168759357992289,58b5a5ebfc9d707a,27.0011,https://explorer.ergoplatform.com/en/blocks/dde83d93a09089c3afb3ccde3529e51c9fc17e6e894854149d13aa65257ce54f,dde83d93a09089c3afb3ccde3529e51c9fc17e6e894854149d13aa65257ce54f,9h6bjuzth7XDNeBxwFjpYSfmUkfBiepE8MGJcvmsVkeCtGYYYAb,ErgoSigmanauts,2024-05-11T15:56:33.826263Z
60,ErgoSigmanauts,1262147,379406.31883047754,confirmed,1,0.6504077717921956,5a5d001f5add141e,27.0155,https://explorer.ergoplatform.com/en/blocks/d5e5fa260700fd4460992a839355f4939ea8375daaff1b83bed56b989985f43c,d5e5fa260700fd4460992a839355f4939ea8375daaff1b83bed56b989985f43c,9gNEKbpPSNfgWkhxsMF4Z9L7uNiXFfsEX4XTVF5XK4kwpQBRsEQ,ErgoSigmanauts,2024-05-11T13:29:31.678058Z
61,ErgoSigmanauts,1262036,351651.66734204144,confirmed,1,1.4198383903582006,50c3000511258b0b,27.0081,https://explorer.ergoplatform.com/en/blocks/e2fe01db6d6206dd9959d5aa3b1be73528208140d18ae94a6a92e64cc5dd0df9,e2fe01db6d6206dd9959d5aa3b1be73528208140d18ae94a6a92e64cc5dd0df9,9f26fcLvpCkcJyY9SLXMMRZ2k3GeKxb8bERTE7cVp1SC3Xb1SZc,ErgoSigmanauts,2024-05-11T09:50:29.535623Z
62,ErgoSigmanauts,1261788,361746.5020512225,confirmed,1,1.7721462410991893,598738e89962172f,27.0044,https://explorer.ergoplatform.com/en/blocks/2142c6171d74b3c0707c1df0a7173781f8f27ee80e2ded6bf0d3ba4814f2bf5d,2142c6171d74b3c0707c1df0a7173781f8f27ee80e2ded6bf0d3ba4814f2bf5d,9eoPRhRmJQ71TPSkk2eUmMXYpxUVvZvFQo5uB9qjPBM4e3hC82J,ErgoSigmanauts,2024-05-11T02:05:22.293215Z
63,ErgoSigmanauts,1261527,351385.65501213475,confirmed,1,0.6288813236905044,58a8ad1cfbe3c12a,27.0011,https://explorer.ergoplatform.com/en/blocks/394bb7154cd43dc13e1cdb29256fd812d3780dbb161b77a4958836328c59a78d,394bb7154cd43dc13e1cdb29256fd812d3780dbb161b77a4958836328c59a78d,9eZVqXVnrVWQKK19b7E7kp4ZyNqanp2z1mpKUJRaouNsmeFsakQ,ErgoSigmanauts,2024-05-10T16:49:32.324813Z
64,ErgoSigmanauts,1261418,321956.08801755524,confirmed,1,1.029554743132605,57ce61357e5c9f80,27.108936684,https://explorer.ergoplatform.com/en/blocks/1f96f9169fcc6125c3e3551b0172b11268188859532387153a2687d42a27bc4d,1f96f9169fcc6125c3e3551b0172b11268188859532387153a2687d42a27bc4d,9gHULKUh8kLBBc6F6ddtyzeyhzz2KzGerPbFw7ZHmSUPrRGfnoz,ErgoSigmanauts,2024-05-10T13:35:01.540427Z
65,ErgoSigmanauts,1261266,351383.7459440474,confirmed,1,0.3386013936172869,57430000c012c05d,27.0454,https://explorer.ergoplatform.com/en/blocks/c0d2b61a3f0a4e2d7e451d792d32381533efb4c3c615a5ac9c4e4a84dd20fbff,c0d2b61a3f0a4e2d7e451d792d32381533efb4c3c615a5ac9c4e4a84dd20fbff,9gNEKbpPSNfgWkhxsMF4Z9L7uNiXFfsEX4XTVF5XK4kwpQBRsEQ,ErgoSigmanauts,2024-05-10T08:26:21.388958Z
66,ErgoSigmanauts,1261208,351383.7459440474,confirmed,1,0.8092007567753899,5eff8b77d681eddf,27.0074,https://explorer.ergoplatform.com/en/blocks/dfd4a4dab0e7b505c03fb597901f1b8ebe9eb290e47aa7256aa7e74bbccb7e6d,dfd4a4dab0e7b505c03fb597901f1b8ebe9eb290e47aa7256aa7e74bbccb7e6d,9fHLdYBz5fPdDfMkGMfAsuj6EfXCpmM4GkamT23xeT3hzdHbNJx,ErgoSigmanauts,2024-05-10T06:30:40.538833Z
67,ErgoSigmanauts,1261083,352459.69632866385,confirmed,1,1.8063351592418178,54bfa452ce8edae4,27.0,https://explorer.ergoplatform.com/en/blocks/a9fc7bd19aa8d8e2e3a8e2280438dddeb20516167a9bee6b1281db8a50c482ac,a9fc7bd19aa8d8e2e3a8e2280438dddeb20516167a9bee6b1281db8a50c482ac,9f3FRr4XudxVs1V35At1X5yj7LmQmnWqG46LqFKVNRf2TuYsAik,ErgoSigmanauts,2024-05-10T02:15:36.816881Z
68,ErgoSigmanauts,1260809,389861.09978576156,confirmed,1,0.5852681065464351,54be3e47c2fcdd2d,27.0041,https://explorer.ergoplatform.com/en/blocks/d0cd5ae29739c8afdcdaec4caa3d03ce030ee79bc73af34c032e2fb47e948c24,d0cd5ae29739c8afdcdaec4caa3d03ce030ee79bc73af34c032e2fb47e948c24,9f3FRr4XudxVs1V35At1X5yj7LmQmnWqG46LqFKVNRf2TuYsAik,ErgoSigmanauts,2024-05-09T16:25:27.675744Z
69,ErgoSigmanauts,1260699,331895.0194262883,confirmed,1,2.095154061042376,5eff2f93bf250418,27.007,https://explorer.ergoplatform.com/en/blocks/f18573a6ca806fc59470a0f39804e77b84141230f41780fa6cb7ef0f549d6a0d,f18573a6ca806fc59470a0f39804e77b84141230f41780fa6cb7ef0f549d6a0d,9fHLdYBz5fPdDfMkGMfAsuj6EfXCpmM4GkamT23xeT3hzdHbNJx,ErgoSigmanauts,2024-05-09T13:23:40.732461Z
70,ErgoSigmanauts,1260360,333034.93341087527,confirmed,1,1.7507237345185702,50f32b44ae4d5a56,27.0161,https://explorer.ergoplatform.com/en/blocks/967ab8930cfdf7dfc2ea1594f2f99e6dddad675f73a7a0fa54329517779220d3,967ab8930cfdf7dfc2ea1594f2f99e6dddad675f73a7a0fa54329517779220d3,9f3FRr4XudxVs1V35At1X5yj7LmQmnWqG46LqFKVNRf2TuYsAik,ErgoSigmanauts,2024-05-09T01:46:31.444105Z
71,ErgoSigmanauts,1260094,349953.75323100016,confirmed,1,0.6986218402995976,5aa90170e225dc4e,27.0641,https://explorer.ergoplatform.com/en/blocks/6b70a2c4b9e467375a0379d21d4cb422a91562466c9f012cb28112e753059d61,6b70a2c4b9e467375a0379d21d4cb422a91562466c9f012cb28112e753059d61,9h6bjuzth7XDNeBxwFjpYSfmUkfBiepE8MGJcvmsVkeCtGYYYAb,ErgoSigmanauts,2024-05-08T16:41:29.923168Z
72,ErgoSigmanauts,1259982,319120.2081851887,confirmed,1,3.6406126212544434,50a20002fa5b7700,27.0273,https://explorer.ergoplatform.com/en/blocks/b762d06c2efce7659b012d8f2918bea50292333ebd3883086605de57fd2da85a,b762d06c2efce7659b012d8f2918bea50292333ebd3883086605de57fd2da85a,9gNEKbpPSNfgWkhxsMF4Z9L7uNiXFfsEX4XTVF5XK4kwpQBRsEQ,ErgoSigmanauts,2024-05-08T13:04:43.183547Z
73,ErgoSigmanauts,1259401,338744.9128132134,confirmed,1,0.7714850531373558,5d11000a4864bcd4,27.0231,https://explorer.ergoplatform.com/en/blocks/869dc103e6032cfba5f2d1cbbc0df70f37f95266b084a4ebb8d46f6e8f8241b0,869dc103e6032cfba5f2d1cbbc0df70f37f95266b084a4ebb8d46f6e8f8241b0,9gLMeVQbDWX522WUzBwmVnr2Avqki7wdz7c9MpcpkgVJE5DUhcN,ErgoSigmanauts,2024-05-07T17:45:32.023008Z
74,ErgoSigmanauts,1259277,308452.3783374802,confirmed,1,1.337836959894806,5ce800071f51ac44,27.0033,https://explorer.ergoplatform.com/en/blocks/61359b9e28d4202b54b6253af1f7f38b8bb53f2920d6e5710fc13435b5f78331,61359b9e28d4202b54b6253af1f7f38b8bb53f2920d6e5710fc13435b5f78331,9gNEKbpPSNfgWkhxsMF4Z9L7uNiXFfsEX4XTVF5XK4kwpQBRsEQ,ErgoSigmanauts,2024-05-07T13:58:47.710306Z
75,ErgoSigmanauts,1259075,357383.5728773364,confirmed,1,4.282807351183011,5bab000754857494,27.0051,https://explorer.ergoplatform.com/en/blocks/3aed80564398426301c6c78714294d66e8da2d5caa808c708366724e2ffe2f4d,3aed80564398426301c6c78714294d66e8da2d5caa808c708366724e2ffe2f4d,9gNEKbpPSNfgWkhxsMF4Z9L7uNiXFfsEX4XTVF5XK4kwpQBRsEQ,ErgoSigmanauts,2024-05-07T06:29:13.361295Z
76,ErgoSigmanauts,1258371,399232.99359699176,confirmed,1,0.6199490053189174,570bd163a7f5523f,27.1011,https://explorer.ergoplatform.com/en/blocks/6331a5e8032632f0cd1fa91af9da13cc0e9c9cc4f92a54dd586b81ac69574fd9,6331a5e8032632f0cd1fa91af9da13cc0e9c9cc4f92a54dd586b81ac69574fd9,9h6bjuzth7XDNeBxwFjpYSfmUkfBiepE8MGJcvmsVkeCtGYYYAb,ErgoSigmanauts,2024-05-06T06:15:05.993056Z
77,ErgoSigmanauts,1258232,415604.7561585013,confirmed,1,0.011486184194006157,57cc0030d934eadb,27.0,https://explorer.ergoplatform.com/en/blocks/961ffee06431d41433ed17393af22dba4008c6d9c896ab5ac119a2e3d1e40bbe,961ffee06431d41433ed17393af22dba4008c6d9c896ab5ac119a2e3d1e40bbe,9gNEKbpPSNfgWkhxsMF4Z9L7uNiXFfsEX4XTVF5XK4kwpQBRsEQ,ErgoSigmanauts,2024-05-06T02:00:15.069052Z
78,ErgoSigmanauts,1258231,415604.7561585013,confirmed,1,0.4343986523430774,57d1a1b77952d5be,27.0,https://explorer.ergoplatform.com/en/blocks/a757e9f5881ac9a21e8c33b004a61dd6e5de753154fd75e072e52d7b32d6c3e5,a757e9f5881ac9a21e8c33b004a61dd6e5de753154fd75e072e52d7b32d6c3e5,9hUWH7MTuDSPxSQiQuUecLf6SnCCN8ydt8XigBD3TN42zddSGtj,ErgoSigmanauts,2024-05-06T01:55:23.985175Z
79,ErgoSigmanauts,1258164,415604.7561585013,confirmed,1,0.3137626451284995,57d37c6f9fd54f7f,27.015876,https://explorer.ergoplatform.com/en/blocks/81be932ccefa263e698d89f5e7c660cd9cb4258e5b09f4ace2d287a0a36dae0c,81be932ccefa263e698d89f5e7c660cd9cb4258e5b09f4ace2d287a0a36dae0c,9hUWH7MTuDSPxSQiQuUecLf6SnCCN8ydt8XigBD3TN42zddSGtj,ErgoSigmanauts,2024-05-05T22:59:07.743093Z
80,ErgoSigmanauts,1258106,371049.4524202358,confirmed,1,2.778351996898568,505570763562a0f6,27.008,https://explorer.ergoplatform.com/en/blocks/b898665de1440fa2bfbaedabdd4a68d58f41f135b86444303cc1294587779150,b898665de1440fa2bfbaedabdd4a68d58f41f135b86444303cc1294587779150,9fLYPigGHXkTyyQvU9zzoT3RTAXJ4dfHjbkg6ik2fHKKxjprSrh,ErgoSigmanauts,2024-05-05T20:57:47.845851Z
81,ErgoSigmanauts,1257597,378972.28252335027,confirmed,1,1.251263043424647,5fab7ed216a3e82f,27.012514,https://explorer.ergoplatform.com/en/blocks/60635713ff5490e15dd356f20ab4d1022c579a3d8bda06556b9f1092549c4add,60635713ff5490e15dd356f20ab4d1022c579a3d8bda06556b9f1092549c4add,9fHLdYBz5fPdDfMkGMfAsuj6EfXCpmM4GkamT23xeT3hzdHbNJx,ErgoSigmanauts,2024-05-05T05:19:33.114141Z
82,ErgoSigmanauts,1257403,337061.88281595596,confirmed,1,1.237084277024096,553800038ead4aff,27.0206,https://explorer.ergoplatform.com/en/blocks/f67e3c7a71b86d42ae10b7afdbb71f8dce60c456668a20a9e22ef20974b1b8d5,f67e3c7a71b86d42ae10b7afdbb71f8dce60c456668a20a9e22ef20974b1b8d5,9gNEKbpPSNfgWkhxsMF4Z9L7uNiXFfsEX4XTVF5XK4kwpQBRsEQ,ErgoSigmanauts,2024-05-04T21:48:06.830953Z
83,ErgoSigmanauts,1257190,356774.6288601687,confirmed,1,0.3101809254513528,54630021001235e1,27.0011,https://explorer.ergoplatform.com/en/blocks/dd5119d2c3903ac648009c942bdeef6333f3558790e8087fb2b6603a2a9c91d8,dd5119d2c3903ac648009c942bdeef6333f3558790e8087fb2b6603a2a9c91d8,9gNEKbpPSNfgWkhxsMF4Z9L7uNiXFfsEX4XTVF5XK4kwpQBRsEQ,ErgoSigmanauts,2024-05-04T15:01:51.772979Z
84,ErgoSigmanauts,1257115,356774.6288601687,confirmed,1,0.23245614553770902,50f3b0411ea563ab,27.0464,https://explorer.ergoplatform.com/en/blocks/b9aa406bd07b9df9c97c853bfeb7cd5a2fbdf17db2dd371f904cdd1575d45ff3,b9aa406bd07b9df9c97c853bfeb7cd5a2fbdf17db2dd371f904cdd1575d45ff3,9f3FRr4XudxVs1V35At1X5yj7LmQmnWqG46LqFKVNRf2TuYsAik,ErgoSigmanauts,2024-05-04T12:27:57.941661Z
85,ErgoSigmanauts,1257049,361267.49151042063,confirmed,1,0.35900115382222275,5129d27d8c118118,27.00995,https://explorer.ergoplatform.com/en/blocks/c32e4d1ab50d3692d22fc38b6e15c189c95c984dada5c035f1e3b70964d80142,c32e4d1ab50d3692d22fc38b6e15c189c95c984dada5c035f1e3b70964d80142,9h6bjuzth7XDNeBxwFjpYSfmUkfBiepE8MGJcvmsVkeCtGYYYAb,ErgoSigmanauts,2024-05-04T10:14:28.472937Z
86,ErgoSigmanauts,1256952,387536.2030156414,confirmed,1,1.0387099630019276,50633b970a2e278d,27.0037,https://explorer.ergoplatform.com/en/blocks/05ae6a6369d021d135773cdc1eccbe27b9b8da13d135986d303a8956175d8258,05ae6a6369d021d135773cdc1eccbe27b9b8da13d135986d303a8956175d8258,9fLYPigGHXkTyyQvU9zzoT3RTAXJ4dfHjbkg6ik2fHKKxjprSrh,ErgoSigmanauts,2024-05-04T06:46:01.516174Z
87,ErgoSigmanauts,1256640,346523.7315690744,confirmed,1,0.39881334573825356,5f297b198e7b94cd,27.054,https://explorer.ergoplatform.com/en/blocks/572bae094d92bbb981bd9d47495bd0074d6140cb4b06b3ef1c91bfd5df971f46,572bae094d92bbb981bd9d47495bd0074d6140cb4b06b3ef1c91bfd5df971f46,9ehJZvPDgvCNNd2zTQHxnSpcCAtb1kHbEN1VAgeoRD5DPVApYkk,ErgoSigmanauts,2024-05-03T20:46:06.764955Z
88,ErgoSigmanauts,1256531,358965.6291036787,confirmed,1,0.5369081614799789,515b001b31373c53,27.0068,https://explorer.ergoplatform.com/en/blocks/fc8dc00d7c183c6d1b542750485d3a685f87a60f5146a1d69ae8f3dec20ab8c0,fc8dc00d7c183c6d1b542750485d3a685f87a60f5146a1d69ae8f3dec20ab8c0,9h6bjuzth7XDNeBxwFjpYSfmUkfBiepE8MGJcvmsVkeCtGYYYAb,ErgoSigmanauts,2024-05-03T17:12:26.392426Z
89,ErgoSigmanauts,1256387,346505.8216276112,confirmed,1,1.7936313469313663,50df548d939e0e34,27.001,https://explorer.ergoplatform.com/en/blocks/fdf9a70753f93b5eb6ae923e41593e1e5d90e209bec11fe02bbe333ba7a5b5c0,fdf9a70753f93b5eb6ae923e41593e1e5d90e209bec11fe02bbe333ba7a5b5c0,9gXo8m2VyHvQ3FGvCg1GNWfyM5uX27BEKNCXDjQ6GiFsMJw5Yto,ErgoSigmanauts,2024-05-03T12:13:18.513233Z
90,ErgoSigmanauts,1255919,360516.59222185495,confirmed,1,0.1428921586229388,509100037939d2dc,27.0,https://explorer.ergoplatform.com/en/blocks/b1c910c9747c5dedc5dc1b8abab18c668cfd2331a3f659ceb3cb1eace5a9deed,b1c910c9747c5dedc5dc1b8abab18c668cfd2331a3f659ceb3cb1eace5a9deed,9evhvTyyakqSQ17c6o54CJpMZQwuf6XQKmVMBAproGzYezSd9tL,ErgoSigmanauts,2024-05-02T20:30:11.479879Z
91,ErgoSigmanauts,1255886,360516.59222185495,confirmed,1,2.0756134251957645,517461124801e5a3,27.0041,https://explorer.ergoplatform.com/en/blocks/f6ddf61c7b42a8fc31fe5e716403c3be3a36993388205a982daab98eb9bf4dec,f6ddf61c7b42a8fc31fe5e716403c3be3a36993388205a982daab98eb9bf4dec,9h6bjuzth7XDNeBxwFjpYSfmUkfBiepE8MGJcvmsVkeCtGYYYAb,ErgoSigmanauts,2024-05-02T19:16:35.064235Z
92,ErgoSigmanauts,1255346,357499.65958849795,confirmed,1,3.4071613179349773,5d7d262a38462eea,27.0142,https://explorer.ergoplatform.com/en/blocks/bd266bae758a28e87febe7e3c153aa8e83fb5469825cf63a8e61eaea0ec2a8f1,bd266bae758a28e87febe7e3c153aa8e83fb5469825cf63a8e61eaea0ec2a8f1,9fjQi1JrgFZ9QBKGbE7EYDwUwAvGUk95Wa92kV2D4EnggNcnMzN,ErgoSigmanauts,2024-05-02T01:51:57.737091Z
93,ErgoSigmanauts,1254452,316164.20445438486,confirmed,1,0.9335175991043712,57a2001bc2abe48d,27.0302,https://explorer.ergoplatform.com/en/blocks/7429df60dc422dab845bc9eb18d073d1e95f4b97a439b39a2797608d27c4b604,7429df60dc422dab845bc9eb18d073d1e95f4b97a439b39a2797608d27c4b604,9ehJZvPDgvCNNd2zTQHxnSpcCAtb1kHbEN1VAgeoRD5DPVApYkk,ErgoSigmanauts,2024-04-30T20:36:00.606666Z
94,ErgoSigmanauts,1254265,386513.22678009595,confirmed,1,3.1596791418592494,501090b5ff36737c,27.019860101,https://explorer.ergoplatform.com/en/blocks/0e48a40b9cdffafc5448cf5c0255a5baa96cd88292bf2a11b856e6e3e47956af,0e48a40b9cdffafc5448cf5c0255a5baa96cd88292bf2a11b856e6e3e47956af,9h6bjuzth7XDNeBxwFjpYSfmUkfBiepE8MGJcvmsVkeCtGYYYAb,ErgoSigmanauts,2024-04-30T12:52:07.247035Z
95,ErgoSigmanauts,1253410,354831.65524982265,confirmed,1,1.04586555676699,580c001f31e4fd3a,27.0,https://explorer.ergoplatform.com/en/blocks/7a3bf34be6481b99c1f3f4aa9364c4b48a287d45156f36fd366f626245429cec,7a3bf34be6481b99c1f3f4aa9364c4b48a287d45156f36fd366f626245429cec,9i8wsL9HYe4wRtuxXtnvki31uGJd6avKoQ79BXbz2sHWNZSKz8K,ErgoSigmanauts,2024-04-29T08:20:04.699821Z
96,ErgoSigmanauts,1253118,362089.4819873224,confirmed,1,0.6478742762045496,50239669e1ac4af8,27.0,https://explorer.ergoplatform.com/en/blocks/44167cd62e4406f726826b15a0fcf6e843fade6c44510264e1d37a26c47e0b65,44167cd62e4406f726826b15a0fcf6e843fade6c44510264e1d37a26c47e0b65,9i3P4Ah9jp7nnSNMg6gxjXXHEWjkkBbPJR5RLRkMwEt3DZZGLDL,ErgoSigmanauts,2024-04-28T23:18:22.037078Z
97,ErgoSigmanauts,1252956,390351.0763941403,confirmed,1,0.11251740112384388,57f9f469dba977c3,27.0092,https://explorer.ergoplatform.com/en/blocks/d009bdd64433367b30dcf2493ccfa43329d2383ca288b008e537c8ca66f91171,d009bdd64433367b30dcf2493ccfa43329d2383ca288b008e537c8ca66f91171,9fxwXaXp7x3i8gzfZ5zqMJJK1DbtyUeVGQL3mBaCg2cB8yn2ewV,ErgoSigmanauts,2024-04-28T17:16:48.889147Z
98,ErgoSigmanauts,1252929,390351.0763941403,confirmed,1,0.3130735048460751,5016a01340d6b9ba,27.653128991,https://explorer.ergoplatform.com/en/blocks/881144c4c46b08e39d59817863da508be56c215eafb8eb4b9400d1882a70c092,881144c4c46b08e39d59817863da508be56c215eafb8eb4b9400d1882a70c092,9fRQ8iCiCZekAewtjHmu7AmucWjvBTNUMeBFtnNkpfyWsNLUuxo,ErgoSigmanauts,2024-04-28T16:09:49.964699Z
99,ErgoSigmanauts,1252840,350627.7048399287,confirmed,1,0.9642280477704427,57f1000efc558ff1,27.0192,https://explorer.ergoplatform.com/en/blocks/9395fce740c65f238690a5639a2938e0bce75b8a28b0654732687125c0a17dc8,9395fce740c65f238690a5639a2938e0bce75b8a28b0654732687125c0a17dc8,9hNJcmkKcMmrphpc12deJJi6gNcgiX269VEEZCCgLVBPiETigVb,ErgoSigmanauts,2024-04-28T12:59:58.223129Z
100,ErgoSigmanauts,1252559,422881.6589500178,confirmed,1,0.017699607118926087,56dcc160776a8a71,27.0221,https://explorer.ergoplatform.com/en/blocks/f12b63d2743427539774bdc9f76bb207fa7a82b659cfa4a7a4ce7fecc67517ea,f12b63d2743427539774bdc9f76bb207fa7a82b659cfa4a7a4ce7fecc67517ea,9hSk13XDU8keWAp3KxKSgUVCkfDcw577jAjM6SgbRpuYeL8ygPH,ErgoSigmanauts,2024-04-28T03:06:52.686688Z
101,ErgoSigmanauts,1252553,422881.6589500178,confirmed,1,1.856881906511891,50230ed620a8fa0b,27.0,https://explorer.ergoplatform.com/en/blocks/9d7544bf89b699e7d31eaf49c4b8610d62d6545c1de9d20cd8c34515db186f1a,9d7544bf89b699e7d31eaf49c4b8610d62d6545c1de9d20cd8c34515db186f1a,9i3P4Ah9jp7nnSNMg6gxjXXHEWjkkBbPJR5RLRkMwEt3DZZGLDL,ErgoSigmanauts,2024-04-28T02:55:03.389136Z
102,ErgoSigmanauts,1251978,380358.28588547616,confirmed,1,0.11252521232704006,50a3000448228642,27.001,https://explorer.ergoplatform.com/en/blocks/58be0effcc39dc7fc6bbc745acfd627ff3e30eab98668c39ddc51ed6655bdaff,58be0effcc39dc7fc6bbc745acfd627ff3e30eab98668c39ddc51ed6655bdaff,9i8wsL9HYe4wRtuxXtnvki31uGJd6avKoQ79BXbz2sHWNZSKz8K,ErgoSigmanauts,2024-04-27T07:59:45.328901Z
103,ErgoSigmanauts,1251939,366775.4434968024,confirmed,1,0.2447789619711702,502468dac3622052,27.0182,https://explorer.ergoplatform.com/en/blocks/a4dc120a4aa17097a163160eeb41c3dba31780f40864912d7c7aabb177835492,a4dc120a4aa17097a163160eeb41c3dba31780f40864912d7c7aabb177835492,9i3P4Ah9jp7nnSNMg6gxjXXHEWjkkBbPJR5RLRkMwEt3DZZGLDL,ErgoSigmanauts,2024-04-27T06:54:45.932437Z
104,ErgoSigmanauts,1251871,366775.4434968024,confirmed,1,1.0399307947333822,50d8fd9c81187de2,27.0088,https://explorer.ergoplatform.com/en/blocks/2be39f033f12f55638a0e9a8755b7f96b73d15b948990cc640d0445ffde283d0,2be39f033f12f55638a0e9a8755b7f96b73d15b948990cc640d0445ffde283d0,9fxwXaXp7x3i8gzfZ5zqMJJK1DbtyUeVGQL3mBaCg2cB8yn2ewV,ErgoSigmanauts,2024-04-27T04:31:16.88003Z
105,ErgoSigmanauts,1251567,388383.1565472275,confirmed,1,0.261117167239577,555f000b343364e4,27.0051,https://explorer.ergoplatform.com/en/blocks/f826ef482455161ca689de707f3c239b3ca8a6e7360a2c0e15c2ee5917924205,f826ef482455161ca689de707f3c239b3ca8a6e7360a2c0e15c2ee5917924205,9g4f585vPtgA5PKhSRcaPBhtfW3HYRw2qe3aemxxnD5Y1KiopyX,ErgoSigmanauts,2024-04-26T18:24:58.968673Z
106,ErgoSigmanauts,1251499,388383.1565472275,confirmed,1,6.396078876437533,507971cae2ee4a18,27.0042,https://explorer.ergoplatform.com/en/blocks/c7c63f408c339ae4482914cbb8e93ad48b17defd20ec90dad8fa052194fd9b92,c7c63f408c339ae4482914cbb8e93ad48b17defd20ec90dad8fa052194fd9b92,9fHLdYBz5fPdDfMkGMfAsuj6EfXCpmM4GkamT23xeT3hzdHbNJx,ErgoSigmanauts,2024-04-26T16:00:40.562369Z
107,ErgoSigmanauts,1249527,315887.249575942,confirmed,1,0.3415274071469896,50164a42c64cc4f1,27.0151,https://explorer.ergoplatform.com/en/blocks/4fea81e1a1a823f1c395a7d0757208381c9f6da4f68b832ea427fdd71f51ce30,4fea81e1a1a823f1c395a7d0757208381c9f6da4f68b832ea427fdd71f51ce30,9fRQ8iCiCZekAewtjHmu7AmucWjvBTNUMeBFtnNkpfyWsNLUuxo,ErgoSigmanauts,2024-04-23T22:19:10.035643Z
108,ErgoSigmanauts,1249440,315887.249575942,confirmed,1,0.019216229603572575,50187b62b18da535,27.01,https://explorer.ergoplatform.com/en/blocks/224c94abcd0ffa48553f6988c34bcb92c2490e76861f1c567645389fb2ab9d09,224c94abcd0ffa48553f6988c34bcb92c2490e76861f1c567645389fb2ab9d09,9f3FRr4XudxVs1V35At1X5yj7LmQmnWqG46LqFKVNRf2TuYsAik,ErgoSigmanauts,2024-04-23T19:17:03.547762Z
109,ErgoSigmanauts,1249432,315887.249575942,confirmed,1,0.6392272577985045,5057d49b44b4ed21,27.0122,https://explorer.ergoplatform.com/en/blocks/acb0c18d072bc0fc0d0e69e95cb07ba996b53ef0ac669ab479bc3ff0c46ecec8,acb0c18d072bc0fc0d0e69e95cb07ba996b53ef0ac669ab479bc3ff0c46ecec8,9eZVqXVnrVWQKK19b7E7kp4ZyNqanp2z1mpKUJRaouNsmeFsakQ,ErgoSigmanauts,2024-04-23T19:06:49.109889Z
110,ErgoSigmanauts,1249230,361687.59735017776,confirmed,1,1.2624304018884833,1bdb3e4628f615be,27.0063,https://explorer.ergoplatform.com/en/blocks/2f38ffbece540e4177f81615ad3130929dbf1855fcccffb1337cf75a75cb9169,2f38ffbece540e4177f81615ad3130929dbf1855fcccffb1337cf75a75cb9169,9ggYKoC58jQkbGNhCKqcLMsuK3qCE5ieqTPx28KrY5jJ5SemSuT,ErgoSigmanauts,2024-04-23T12:18:50.405507Z
111,ErgoSigmanauts,1248838,426627.6047628859,confirmed,1,0.35129431070329437,186e549eb8340f12,27.0344,https://explorer.ergoplatform.com/en/blocks/177fd26d67b248b8fa2b0f734be71628114fa12249403ae6135b9a434a177e2b,177fd26d67b248b8fa2b0f734be71628114fa12249403ae6135b9a434a177e2b,9iJkieXSookLtaYr8JZ8A8nKuev9dzRMwxkGjuyQebnQgCj8zdC,ErgoSigmanauts,2024-04-22T22:07:16.945107Z
112,ErgoSigmanauts,1248716,402639.91319489584,confirmed,1,0.6859158861830024,1c96000783680ce2,27.008244,https://explorer.ergoplatform.com/en/blocks/5f999a0dbbaef1e2202acaa7a9c1dbea3cbcc7926dd9c89cadb99c22470fd14e,5f999a0dbbaef1e2202acaa7a9c1dbea3cbcc7926dd9c89cadb99c22470fd14e,9f5vwtxyRP87wmc8ezyKbL7ryaNhDrgWUVBEZpQKnw16SWceKR9,ErgoSigmanauts,2024-04-22T18:11:34.792754Z
113,ErgoSigmanauts,1248443,380709.27233461576,confirmed,1,1.0019866141801046,188b8a2690b77569,27.0074,https://explorer.ergoplatform.com/en/blocks/2c43ae9a107e279e6aaf50ddda74652235cddc42d7f7e6e36c9c28b5ed0930b8,2c43ae9a107e279e6aaf50ddda74652235cddc42d7f7e6e36c9c28b5ed0930b8,9f3FRr4XudxVs1V35At1X5yj7LmQmnWqG46LqFKVNRf2TuYsAik,ErgoSigmanauts,2024-04-22T09:12:21.916811Z
114,ErgoSigmanauts,1248031,396231.0665206425,confirmed,1,0.16120482746363493,1c1800034e77b166,27.00196004,https://explorer.ergoplatform.com/en/blocks/92e5d017e11243bae0295199fdab7b8b08ccb9363228eef883d5d7e4d9b498c8,92e5d017e11243bae0295199fdab7b8b08ccb9363228eef883d5d7e4d9b498c8,9h6bjuzth7XDNeBxwFjpYSfmUkfBiepE8MGJcvmsVkeCtGYYYAb,ErgoSigmanauts,2024-04-21T18:58:55.319102Z
115,ErgoSigmanauts,1247949,334193.9794832203,confirmed,1,0.09492737186055794,1bf4a728749d7de8,27.001,https://explorer.ergoplatform.com/en/blocks/9a9c4c8fbd571a877a7f197e40c4d33d265307b23634ad52496ceab09e5473dd,9a9c4c8fbd571a877a7f197e40c4d33d265307b23634ad52496ceab09e5473dd,9g4f585vPtgA5PKhSRcaPBhtfW3HYRw2qe3aemxxnD5Y1KiopyX,ErgoSigmanauts,2024-04-21T16:57:09.080339Z
116,ErgoSigmanauts,1247906,334193.9794832203,confirmed,1,0.6902865408932093,1a16000df5456083,27.0265,https://explorer.ergoplatform.com/en/blocks/2e086f5d1d55e2476586f0ae72caeb77d0093c2faef6c454f1596bb8d2a95c26,2e086f5d1d55e2476586f0ae72caeb77d0093c2faef6c454f1596bb8d2a95c26,9ehJZvPDgvCNNd2zTQHxnSpcCAtb1kHbEN1VAgeoRD5DPVApYkk,ErgoSigmanauts,2024-04-21T15:49:03.244731Z
117,ErgoSigmanauts,1247634,390680.0780866358,confirmed,1,3.039863262807032,1a1329402f2206ed,27.06935483,https://explorer.ergoplatform.com/en/blocks/c7b7ef3a8c7af63a7729de240de056beff246f9d99aebd54385615fc1eb30c9b,c7b7ef3a8c7af63a7729de240de056beff246f9d99aebd54385615fc1eb30c9b,9ehJZvPDgvCNNd2zTQHxnSpcCAtb1kHbEN1VAgeoRD5DPVApYkk,ErgoSigmanauts,2024-04-21T05:49:18.90661Z
118,ErgoSigmanauts,1246555,371421.34970319935,confirmed,1,0.5352746713780204,12fc6a2219199f2a,27.012,https://explorer.ergoplatform.com/en/blocks/40823fa0c172fc5f3a8ebcc79f8557f776d502abeceff00145c66c9794f0fd4c,40823fa0c172fc5f3a8ebcc79f8557f776d502abeceff00145c66c9794f0fd4c,9g4f585vPtgA5PKhSRcaPBhtfW3HYRw2qe3aemxxnD5Y1KiopyX,ErgoSigmanauts,2024-04-19T17:13:40.31358Z
119,ErgoSigmanauts,1246329,338457.8411183106,confirmed,1,0.03331322739946113,1642835a069e4fb9,27.0257,https://explorer.ergoplatform.com/en/blocks/3255824876c9afc17a051e4fec4f2fb9a502d91a31d60e5be893f15c38e87236,3255824876c9afc17a051e4fec4f2fb9a502d91a31d60e5be893f15c38e87236,9h6bjuzth7XDNeBxwFjpYSfmUkfBiepE8MGJcvmsVkeCtGYYYAb,ErgoSigmanauts,2024-04-19T10:06:26.827818Z
120,ErgoSigmanauts,1246316,338457.8411183106,confirmed,1,0.07223575279223989,146857274f45ac2c,27.18064004,https://explorer.ergoplatform.com/en/blocks/023d3db990a609673fb2143fdfd110f959928864ee5ba08eb9341c9dae31ea01,023d3db990a609673fb2143fdfd110f959928864ee5ba08eb9341c9dae31ea01,9fHLdYBz5fPdDfMkGMfAsuj6EfXCpmM4GkamT23xeT3hzdHbNJx,ErgoSigmanauts,2024-04-19T09:41:15.872673Z
121,ErgoSigmanauts,1246282,338457.8411183106,confirmed,1,2.0840158103518593,164237aca8296f1c,27.012601378,https://explorer.ergoplatform.com/en/blocks/b25a01e4b603f883cbe139725e8377ea798ef7bf5e5ffb3d232db5803c7e9d50,b25a01e4b603f883cbe139725e8377ea798ef7bf5e5ffb3d232db5803c7e9d50,9h6bjuzth7XDNeBxwFjpYSfmUkfBiepE8MGJcvmsVkeCtGYYYAb,ErgoSigmanauts,2024-04-19T08:45:52.541207Z
122,ErgoSigmanauts,1245573,345942.82227737474,confirmed,1,0.11677158070737306,12a8cc865d1eb6b1,27.00125328,https://explorer.ergoplatform.com/en/blocks/b3dc77df25368a64370eba7b7e0f2392e5a9c3fe4cd2978bc829911d3b888b3a,b3dc77df25368a64370eba7b7e0f2392e5a9c3fe4cd2978bc829911d3b888b3a,9gXo8m2VyHvQ3FGvCg1GNWfyM5uX27BEKNCXDjQ6GiFsMJw5Yto,ErgoSigmanauts,2024-04-18T09:31:37.163854Z
123,ErgoSigmanauts,1245528,323130.12743641844,confirmed,1,0.36134540739254745,126a0007f2a34c7c,27.0,https://explorer.ergoplatform.com/en/blocks/2d2fd8c12850c9f1a00c38aa79aba813554f7a383c4be6a7008848abc2f2071d,2d2fd8c12850c9f1a00c38aa79aba813554f7a383c4be6a7008848abc2f2071d,9ehJZvPDgvCNNd2zTQHxnSpcCAtb1kHbEN1VAgeoRD5DPVApYkk,ErgoSigmanauts,2024-04-18T08:01:31.156982Z
124,ErgoSigmanauts,1245375,343213.85477943526,confirmed,1,0.38460163270407993,126b001c1226e666,27.0041,https://explorer.ergoplatform.com/en/blocks/d0b39e75edf0099c62ce1fc97bef7dd51695659255ec7ff15d66183261be2c17,d0b39e75edf0099c62ce1fc97bef7dd51695659255ec7ff15d66183261be2c17,9ehJZvPDgvCNNd2zTQHxnSpcCAtb1kHbEN1VAgeoRD5DPVApYkk,ErgoSigmanauts,2024-04-18T03:11:44.51941Z
125,ErgoSigmanauts,1245219,385248.1842304338,confirmed,1,1.3613627543103468,123200132a4f0053,27.001,https://explorer.ergoplatform.com/en/blocks/32df796eeeeb916349df58e3263011fc13e2064202638d81f6e12d7233055a6d,32df796eeeeb916349df58e3263011fc13e2064202638d81f6e12d7233055a6d,9i8wsL9HYe4wRtuxXtnvki31uGJd6avKoQ79BXbz2sHWNZSKz8K,ErgoSigmanauts,2024-04-17T21:39:45.854185Z
126,ErgoSigmanauts,1244611,350337.67374695145,confirmed,1,0.30406044033061175,13309b8b1531ac3d,27.0044,https://explorer.ergoplatform.com/en/blocks/4ac405b82c909606840b4abb83acd42e79aa74ac9dfcfa1da9152af32d5316f0,4ac405b82c909606840b4abb83acd42e79aa74ac9dfcfa1da9152af32d5316f0,9gwk97nY8Uc6kLcSYs4ueWttY5EKyfsrbiyVQWFdUaWvd4Xhqys,ErgoSigmanauts,2024-04-17T01:03:11.646208Z
127,ErgoSigmanauts,1244487,347763.7847504471,confirmed,1,2.1091817753263937,126b0037bf192dd9,27.004,https://explorer.ergoplatform.com/en/blocks/7994b89a991f3a3589d54772c4e30437894c691aa0dfd6f3568687ef53b7b749,7994b89a991f3a3589d54772c4e30437894c691aa0dfd6f3568687ef53b7b749,9ehJZvPDgvCNNd2zTQHxnSpcCAtb1kHbEN1VAgeoRD5DPVApYkk,ErgoSigmanauts,2024-04-16T20:53:07.047296Z
128,ErgoSigmanauts,1243556,346496.7581554752,confirmed,1,0.38407410753612603,121c61dad76dde64,27.0022,https://explorer.ergoplatform.com/en/blocks/d51a06c21ece88a1935e2eca6a3d1ba1e82507dc7cb1147174eb0b8701d62055,d51a06c21ece88a1935e2eca6a3d1ba1e82507dc7cb1147174eb0b8701d62055,9g4f585vPtgA5PKhSRcaPBhtfW3HYRw2qe3aemxxnD5Y1KiopyX,ErgoSigmanauts,2024-04-15T13:26:36.753705Z
129,ErgoSigmanauts,1243309,317174.2056285055,confirmed,1,0.4703619102586416,1232000391a2d9da,27.009,https://explorer.ergoplatform.com/en/blocks/d37d915b800e4b8fce3eb97ace72d1b8ecf1c35eecbf5241c218c7503031eadc,d37d915b800e4b8fce3eb97ace72d1b8ecf1c35eecbf5241c218c7503031eadc,9i8wsL9HYe4wRtuxXtnvki31uGJd6avKoQ79BXbz2sHWNZSKz8K,ErgoSigmanauts,2024-04-15T05:58:59.255881Z
130,ErgoSigmanauts,1243018,353518.6120012977,confirmed,1,0.5172375294526278,124d61659aa64c7a,27.0765,https://explorer.ergoplatform.com/en/blocks/a8134a002699294a2cb40e3f4eb3603ede1bdcae3cd0def8b5294ce147cfdd4b,a8134a002699294a2cb40e3f4eb3603ede1bdcae3cd0def8b5294ce147cfdd4b,9iJkieXSookLtaYr8JZ8A8nKuev9dzRMwxkGjuyQebnQgCj8zdC,ErgoSigmanauts,2024-04-14T19:46:29.720815Z
131,ErgoSigmanauts,1242682,379295.32861204166,confirmed,1,1.3945610620260216,12200009ea038849,27.0175,https://explorer.ergoplatform.com/en/blocks/2c36f7618aef25e20373b4832dbbdc6f95784909a40218cd9011c22a04b6a703,2c36f7618aef25e20373b4832dbbdc6f95784909a40218cd9011c22a04b6a703,9i8wsL9HYe4wRtuxXtnvki31uGJd6avKoQ79BXbz2sHWNZSKz8K,ErgoSigmanauts,2024-04-14T07:53:57.732887Z
132,ErgoSigmanauts,1241796,370202.4053875056,confirmed,1,1.9805144476820198,10c71b4fad01f31c,27.05202483,https://explorer.ergoplatform.com/en/blocks/3951d2d140cca3c5138162008137ea4c703f1cdc4a16c256c5584751518dc07a,3951d2d140cca3c5138162008137ea4c703f1cdc4a16c256c5584751518dc07a,9exkqG2KBpdeHKby84pSehSZt9sKQitAqjuguHXdd25eEJWFksx,ErgoSigmanauts,2024-04-13T01:40:15.984753Z
133,ErgoSigmanauts,1240237,406987.8797220254,confirmed,1,0.15610391864943252,100fe6c78281bfae,27.130969,https://explorer.ergoplatform.com/en/blocks/c0e3620bcbce50d12b892ec9c42106e803157d14bcfc965f2dee2361b0bf928d,c0e3620bcbce50d12b892ec9c42106e803157d14bcfc965f2dee2361b0bf928d,9i3P4Ah9jp7nnSNMg6gxjXXHEWjkkBbPJR5RLRkMwEt3DZZGLDL,ErgoSigmanauts,2024-04-10T21:52:48.180238Z
134,ErgoSigmanauts,1240101,411836.8536191246,confirmed,1,0.17779304600872076,10da0014d0866a1a,27.0062,https://explorer.ergoplatform.com/en/blocks/106552ecd414d016d00bb6aac33233b40e0de0e96752ad16bb4aaa45c673d1b3,106552ecd414d016d00bb6aac33233b40e0de0e96752ad16bb4aaa45c673d1b3,9f7851wUuymT3jiaaFQ5Uv3QUmCHsahCR43syFbc1nDRSHMxEbM,ErgoSigmanauts,2024-04-10T16:45:58.023229Z
135,ErgoSigmanauts,1239922,414752.6846110756,confirmed,1,0.3791696538794324,10111463352887a3,27.0011,https://explorer.ergoplatform.com/en/blocks/db56d46b7963b5dd508c2bdb1507303c8263e6ccad1b47891a8e73da404a4985,db56d46b7963b5dd508c2bdb1507303c8263e6ccad1b47891a8e73da404a4985,9i3P4Ah9jp7nnSNMg6gxjXXHEWjkkBbPJR5RLRkMwEt3DZZGLDL,ErgoSigmanauts,2024-04-10T11:38:14.413427Z
136,ErgoSigmanauts,1239612,395105.07636398135,confirmed,1,1.2703311899244167,10c7e206ff3da33e,27.0291,https://explorer.ergoplatform.com/en/blocks/c006a33b7d2f4a4019919c278f5429608902fe3e51b1e1b1b43387aa189e39bc,c006a33b7d2f4a4019919c278f5429608902fe3e51b1e1b1b43387aa189e39bc,9exkqG2KBpdeHKby84pSehSZt9sKQitAqjuguHXdd25eEJWFksx,ErgoSigmanauts,2024-04-09T23:57:08.300455Z
137,ErgoSigmanauts,1238592,386279.1223359966,confirmed,1,0.6084587448740505,10c72dc2ea84ee3e,27.002,https://explorer.ergoplatform.com/en/blocks/915a48e58976142360cc5233b6033ad2a3e2f06cda7dc1f06332c6229a215dc3,915a48e58976142360cc5233b6033ad2a3e2f06cda7dc1f06332c6229a215dc3,9exkqG2KBpdeHKby84pSehSZt9sKQitAqjuguHXdd25eEJWFksx,ErgoSigmanauts,2024-04-08T14:35:09.122255Z
138,ErgoSigmanauts,1238040,399941.96378789557,confirmed,1,1.2409729929963436,101010806c3bfec2,30.005,https://explorer.ergoplatform.com/en/blocks/edd2c6e48ef6cc480c95a58dcb24c4125c1136d7aa4c22808711ae0e772cecb2,edd2c6e48ef6cc480c95a58dcb24c4125c1136d7aa4c22808711ae0e772cecb2,9eZPTmn8zp5GJ7KZwTo8cEuxNdezWaY3hBbLeWid7EAZedzb9tD,ErgoSigmanauts,2024-04-07T19:55:43.159767Z
139,ErgoSigmanauts,1236735,385434.1493661603,confirmed,1,0.6757898922784678,100d40c8c30375f9,30.025167,https://explorer.ergoplatform.com/en/blocks/f49ecdd5eff7e5d0d05d0eb65c7818f31fcd82ebf5df86bfc9f0d1190fc851e0,f49ecdd5eff7e5d0d05d0eb65c7818f31fcd82ebf5df86bfc9f0d1190fc851e0,9g4f585vPtgA5PKhSRcaPBhtfW3HYRw2qe3aemxxnD5Y1KiopyX,ErgoSigmanauts,2024-04-06T00:11:43.141417Z
140,ErgoSigmanauts,1235990,387916.16969180363,confirmed,1,0.5252855619484329,20058216259db392,30.01,https://explorer.ergoplatform.com/en/blocks/bd3099462e5eba95a4e8e809232f6788f2664e4a344eaec94c50e4d13c4c58ec,bd3099462e5eba95a4e8e809232f6788f2664e4a344eaec94c50e4d13c4c58ec,9hT1c9NNUeNF8nxcE4zyzb6Ui2ypFcSjNKxrSj3hJkQKvqfgbTV,ErgoSigmanauts,2024-04-04T23:46:44.506203Z
141,ErgoSigmanauts,1235365,466883.9313721993,confirmed,1,0.16903842948296058,d0db3663848642f5,30.0689,https://explorer.ergoplatform.com/en/blocks/000eacceb597c08feeb2a67ea6f0b804d9dc185c0e0630040cabbf635284767b,000eacceb597c08feeb2a67ea6f0b804d9dc185c0e0630040cabbf635284767b,9i3P4Ah9jp7nnSNMg6gxjXXHEWjkkBbPJR5RLRkMwEt3DZZGLDL,ErgoSigmanauts,2024-04-04T01:40:19.004614Z
142,ErgoSigmanauts,1235136,433886.4970338125,confirmed,1,0.3485618160594088,d4481db8a1682303,30.00766004,https://explorer.ergoplatform.com/en/blocks/babafdf183a977d3ef1cf8823f241e3393ac0472f9a00ed706c5dff127f030fa,babafdf183a977d3ef1cf8823f241e3393ac0472f9a00ed706c5dff127f030fa,9g4f585vPtgA5PKhSRcaPBhtfW3HYRw2qe3aemxxnD5Y1KiopyX,ErgoSigmanauts,2024-04-03T18:22:18.298737Z
143,ErgoSigmanauts,1234733,425282.5369005403,confirmed,1,1.926869202437052,d43cfb8db6bde057,30.00831556,https://explorer.ergoplatform.com/en/blocks/85775b03bae1f4c46c3b444bd511838d5fb9cd326c8462586d00a1dd7f6d4367,85775b03bae1f4c46c3b444bd511838d5fb9cd326c8462586d00a1dd7f6d4367,9gXo8m2VyHvQ3FGvCg1GNWfyM5uX27BEKNCXDjQ6GiFsMJw5Yto,ErgoSigmanauts,2024-04-03T04:57:28.98427Z
144,ErgoSigmanauts,1232662,385380.245571962,confirmed,1,0.025903724552640485,d88e000ab46f7e8a,30.0,https://explorer.ergoplatform.com/en/blocks/bfce9fe97cbc219e80858ee257f664fd3ad9ff713ed12cb7af02cf1d2f3122e3,bfce9fe97cbc219e80858ee257f664fd3ad9ff713ed12cb7af02cf1d2f3122e3,9ehJZvPDgvCNNd2zTQHxnSpcCAtb1kHbEN1VAgeoRD5DPVApYkk,ErgoSigmanauts,2024-03-31T07:40:29.504233Z
145,ErgoSigmanauts,1232628,363957.4962387572,confirmed,1,0.23732199041116883,d10ffd6af9eca406,30.0,https://explorer.ergoplatform.com/en/blocks/48044bb6835294495eb17744326b63f3183a629ab44767213ce007dc6ff8f5e6,48044bb6835294495eb17744326b63f3183a629ab44767213ce007dc6ff8f5e6,9g4f585vPtgA5PKhSRcaPBhtfW3HYRw2qe3aemxxnD5Y1KiopyX,ErgoSigmanauts,2024-03-31T06:53:18.263557Z
146,ErgoSigmanauts,1232487,360630.58350596885,confirmed,1,1.0127449853291222,dee5be1bf40de25e,30.0138,https://explorer.ergoplatform.com/en/blocks/0f56bc5a2f2b9f179c81feeab3022723bc60df72ad4121d10dff2bce098c2361,0f56bc5a2f2b9f179c81feeab3022723bc60df72ad4121d10dff2bce098c2361,9hT1c9NNUeNF8nxcE4zyzb6Ui2ypFcSjNKxrSj3hJkQKvqfgbTV,ErgoSigmanauts,2024-03-31T02:11:27.849648Z
147,ErgoSigmanauts,1231651,367785.4098593712,confirmed,1,0.4668188233605179,daa5cc820eedd3d9,30.0015,https://explorer.ergoplatform.com/en/blocks/20b806d4bd9cc58f6cc04ffdeaffd6e68c07f66e422e78189d49359a59c17f40,20b806d4bd9cc58f6cc04ffdeaffd6e68c07f66e422e78189d49359a59c17f40,9ehJZvPDgvCNNd2zTQHxnSpcCAtb1kHbEN1VAgeoRD5DPVApYkk,ErgoSigmanauts,2024-03-29T22:22:38.975286Z
148,ErgoSigmanauts,1231144,405099.84240271203,confirmed,1,0.32943412876615974,d88f00142c1483c1,30.002,https://explorer.ergoplatform.com/en/blocks/278a4a533165aa5c63f8f79bb8a1ab9d29e1a62d2541393bfd7bee31506a74f1,278a4a533165aa5c63f8f79bb8a1ab9d29e1a62d2541393bfd7bee31506a74f1,9ehJZvPDgvCNNd2zTQHxnSpcCAtb1kHbEN1VAgeoRD5DPVApYkk,ErgoSigmanauts,2024-03-29T04:26:22.21146Z
149,ErgoSigmanauts,1230782,360986.50096559006,confirmed,1,0.0305534732926138,d00cd5ba5f2b167c,30.08825984,https://explorer.ergoplatform.com/en/blocks/3360f32693fd991c229e6a3b095eb2ff6e0367dcbac3703c357f9f3ab344d45b,3360f32693fd991c229e6a3b095eb2ff6e0367dcbac3703c357f9f3ab344d45b,9gXo8m2VyHvQ3FGvCg1GNWfyM5uX27BEKNCXDjQ6GiFsMJw5Yto,ErgoSigmanauts,2024-03-28T16:41:02.906182Z
150,ErgoSigmanauts,1230749,360986.50096559006,confirmed,1,0.287231402400099,d8a48cee009b608c,30.00655,https://explorer.ergoplatform.com/en/blocks/2e2b04e088834393eafa5aac17d0fc641f4a188d6dc8739c4bba691df6185712,2e2b04e088834393eafa5aac17d0fc641f4a188d6dc8739c4bba691df6185712,9gwk97nY8Uc6kLcSYs4ueWttY5EKyfsrbiyVQWFdUaWvd4Xhqys,ErgoSigmanauts,2024-03-28T15:40:37.400137Z
151,ErgoSigmanauts,1230547,434381.37819051556,confirmed,1,0.797384735706639,d6c1191549ab2f07,30.0276,https://explorer.ergoplatform.com/en/blocks/c5886b3606b842b4a0ecaeda2d6270ac3238e7e0da37d25046f163ea3f2c9655,c5886b3606b842b4a0ecaeda2d6270ac3238e7e0da37d25046f163ea3f2c9655,9fYvQMsMN3NNaw33cAFnRdyHy1DpxtxfADvGqUV3ocLptw4HpcP,ErgoSigmanauts,2024-03-28T08:26:49.370775Z
152,ErgoSigmanauts,1230104,347635.79693547887,confirmed,1,4.752954607078838,d153e8105c7c0b57,30.001,https://explorer.ergoplatform.com/en/blocks/b03937a8404d47fed3d7050a93a6e6b940100e4c008a66b75632378856ce2d59,b03937a8404d47fed3d7050a93a6e6b940100e4c008a66b75632378856ce2d59,9fYvQMsMN3NNaw33cAFnRdyHy1DpxtxfADvGqUV3ocLptw4HpcP,ErgoSigmanauts,2024-03-27T18:07:25.358611Z
153,ErgoSigmanauts,1223980,416310.69022704655,confirmed,1,0.8955071116912304,300b000932aead3a,30.007862,https://explorer.ergoplatform.com/en/blocks/83c740633d4aa9e61775dcab0d2ef20dd4d11c275424fa2ecd8cfefecd2670f5,83c740633d4aa9e61775dcab0d2ef20dd4d11c275424fa2ecd8cfefecd2670f5,9i8wsL9HYe4wRtuxXtnvki31uGJd6avKoQ79BXbz2sHWNZSKz8K,ErgoSigmanauts,2024-03-19T04:19:20.685251Z
154,ErgoSigmanauts,1221911,421209.62261050055,confirmed,1,2.8674943774571293,705c89a6a4e552cf,30.0071,https://explorer.ergoplatform.com/en/blocks/47dd2792f0fd255fc8fc4b0a12903b351245fb7083ea5e6516a52aa7afc87d7b,47dd2792f0fd255fc8fc4b0a12903b351245fb7083ea5e6516a52aa7afc87d7b,9iQS22vfWdF2N84Lvv9jgAMFGLyL7t17SWbHGEfaddaG7ZbL3fJ,ErgoSigmanauts,2024-03-16T06:45:27.859919Z
